{
  "version": 1,
  "author": "Anonymous maker",
  "editor": "wokwi",
  "parts": [
    {
      "type": "wokwi-breadboard",
      "id": "bb1",
      "top": 72.2,
      "left": -341.6,
      "rotate": 90,
      "attrs": {}
    },
    {
      "type": "wokwi-arduino-uno",
      "id": "uno",
      "top": -124.2,
      "left": -423,
      "rotate": 180,
      "attrs": {}
    },
    {
      "type": "wokwi-led",
      "id": "led1",
      "top": 142.8,
      "left": 35.4,
      "rotate": 90,
      "attrs": { "color": "green" }
    },
    {
      "type": "wokwi-led",
      "id": "led2",
      "top": -49.2,
      "left": 35.4,
      "rotate": 90,
      "attrs": { "color": "red" }
    },
    {
      "type": "wokwi-led",
      "id": "led3",
      "top": 46.8,
      "left": 35.4,
      "rotate": 90,
      "attrs": { "color": "yellow" }
    },
    {
      "type": "wokwi-resistor",
      "id": "r1",
      "top": 100.8,
      "left": -0.55,
      "rotate": 90,
      "attrs": { "value": "150" }
    },
    {
      "type": "wokwi-resistor",
      "id": "r2",
      "top": 4.8,
      "left": -0.55,
      "rotate": 90,
      "attrs": { "value": "150" }
    },
    {
      "type": "wokwi-resistor",
      "id": "r3",
      "top": 196.8,
      "left": -0.55,
      "rotate": 90,
      "attrs": { "value": "150" }
    }
  ],
  "connections": [
    [ "uno:GND.2", "bb1:bn.1", "black", [ "v-30.3", "h184.1", "v38.4" ] ],
    [ "bb1:31t.e", "bb1:bn.25", "black", [ "h0" ] ],
    [ "bb1:21t.e", "bb1:bn.16", "black", [ "h0" ] ],
    [ "bb1:11t.e", "bb1:bn.8", "black", [ "h0" ] ],
    [ "led3:A", "bb1:22t.a", "", [ "$bb" ] ],
    [ "led3:C", "bb1:21t.a", "", [ "$bb" ] ],
    [ "led1:A", "bb1:32t.a", "", [ "$bb" ] ],
    [ "led1:C", "bb1:31t.a", "", [ "$bb" ] ],
    [ "led2:A", "bb1:12t.a", "", [ "$bb" ] ],
    [ "led2:C", "bb1:11t.a", "", [ "$bb" ] ],
    [ "r2:1", "bb1:12t.b", "", [ "$bb" ] ],
    [ "r2:2", "bb1:18t.b", "", [ "$bb" ] ],
    [ "r1:1", "bb1:22t.b", "", [ "$bb" ] ],
    [ "r1:2", "bb1:28t.b", "", [ "$bb" ] ],
    [ "r3:1", "bb1:32t.b", "", [ "$bb" ] ],
    [ "r3:2", "bb1:38t.b", "", [ "$bb" ] ],
    [ "uno:4", "bb1:18t.a", "red", [ "v17.6", "h241.7", "v-48" ] ],
    [ "uno:3", "bb1:28t.a", "gold", [ "v0" ] ],
    [ "uno:2", "bb1:38t.a", "green", [ "v0" ] ]
  ],
  "dependencies": {}
}