{
  "version": 1,
  "author": "Henrique Garcia",
  "editor": "wokwi",
  "parts": [
    { "type": "wokwi-breadboard-half", "id": "bb1", "top": -22.2, "left": 98.8, "attrs": {} },
    { "type": "wokwi-arduino-uno", "id": "uno", "top": 0.6, "left": -211.8, "attrs": {} },
    {
      "type": "wokwi-led",
      "id": "led1",
      "top": -13.2,
      "left": 176.6,
      "attrs": { "color": "blue" }
    },
    {
      "type": "wokwi-resistor",
      "id": "r1",
      "top": 42.35,
      "left": 201.6,
      "attrs": { "value": "150" }
    }
  ],
  "connections": [
    [ "uno:5", "bb1:15t.a", "green", [ "v-19.2", "h282.2" ] ],
    [ "uno:GND.3", "bb1:8t.e", "black", [ "v28.7", "h244" ] ],
    [ "led1:A", "bb1:9t.a", "", [ "$bb" ] ],
    [ "led1:C", "bb1:8t.a", "", [ "$bb" ] ],
    [ "r1:1", "bb1:9t.c", "", [ "$bb" ] ],
    [ "r1:2", "bb1:15t.c", "", [ "$bb" ] ]
  ],
  "dependencies": {}
}